Browser,Browser version,Sessions
(not set),(not set),311
(not set),(not set),17374
Aloha Browser,4.1.4,5
Aloha Browser,5.9.1,5
Aloha Browser,6.1.0,5
Aloha Browser,6.10.0,38
Aloha Browser,6.5.0,5
Aloha Browser,6.5.2,5
Aloha Browser,6.6.4,10
Aloha Browser,6.7.1,5
Aloha Browser,6.8.2,5
Aloha Browser,6.9.2,5
Amazon Silk,108.10.4,5
Amazon Silk,108.16.2,10
Amazon Silk,118.1.77,5
Amazon Silk,118.16.1,29
Amazon Silk,118.17.1,14
Amazon Silk,118.18.2,10
Amazon Silk,118.7.1,5
Amazon Silk,130.5.7,77
Amazon Silk,130.6.5,67
Android Runtime,2.1.0,5
Android Webview,100.0.4896.127,5
Android Webview,101.0.4951.61,10
Android Webview,103.0.5060.71,10
Android Webview,104.0.5112.97,19
Android Webview,105.0.5195.136,5
Android Webview,108.0.5359.128,5
Android Webview,108.0.5359.220,96
Android Webview,111.0.5563.116,72
Android Webview,114.0.5735.130,5
Android Webview,114.0.5735.196,24
Android Webview,115.0.5790.138,5
Android Webview,115.0.5790.168,10
Android Webview,116.0.0.0,19
Android Webview,117.0.0.0,14
Android Webview,118.0.0.0,29
Android Webview,119.0.6045.193,1090
Android Webview,119.0.6045.194,19
Android Webview,120.0.6099.193,19
Android Webview,120.0.6099.230,14
Android Webview,121.0.6167.178,10
Android Webview,122.0.6261.102,14
Android Webview,122.0.6261.119,5
Android Webview,122.0.6261.54,10
Android Webview,122.0.6261.64,5
Android Webview,122.0.6261.66,5
Android Webview,123.0.6312.118,48
Android Webview,123.0.6312.96,5
Android Webview,124.0.6367.179,10
Android Webview,125.0.0.0,10
Android Webview,125.0.6422.133,10
Android Webview,125.0.6422.165,24
Android Webview,126.0.6478.103,5
Android Webview,126.0.6478.110,29
Android Webview,126.0.6478.122,10
Android Webview,126.0.6478.134,19
Android Webview,126.0.6478.162,5
Android Webview,126.0.6478.186,124
Android Webview,126.0.6478.188,10
Android Webview,126.0.6478.71,33
Android Webview,127.0.6533.103,43
Android Webview,127.0.6533.112,5
Android Webview,127.0.6533.81,5
Android Webview,127.0.6533.97,5
Android Webview,128.0.6613.123,33
Android Webview,128.0.6613.134,14
Android Webview,128.0.6613.146,10
Android Webview,128.0.6613.187,942
Android Webview,128.0.6613.54,19
Android Webview,128.0.6613.95,5
Android Webview,129.0.6668.100,5
Android Webview,129.0.6668.102,5
Android Webview,129.0.6668.51,5
Android Webview,129.0.6668.70,5
Android Webview,129.0.6668.78,5
Android Webview,129.0.6668.81,10
Android Webview,129.0.6668.97,5
Android Webview,130.0.0.0,5
Android Webview,130.0.6723.103,24
Android Webview,130.0.6723.107,48
Android Webview,130.0.6723.108,14
Android Webview,130.0.6723.24,5
Android Webview,130.0.6723.58,14
Android Webview,130.0.6723.66,14
Android Webview,130.0.6723.83,24
Android Webview,130.0.6723.86,10
Android Webview,130.0.6723.99,33
Android Webview,131.0.0.0,5
Android Webview,131.0.6778.100,10
Android Webview,131.0.6778.104,928
Android Webview,131.0.6778.105,354
Android Webview,131.0.6778.131,11578
Android Webview,131.0.6778.135,3008
Android Webview,131.0.6778.136,297
Android Webview,131.0.6778.200,1272
Android Webview,131.0.6778.201,378
Android Webview,131.0.6778.202,5
Android Webview,131.0.6778.250,10
Android Webview,131.0.6778.260,3089
Android Webview,131.0.6778.261,450
Android Webview,131.0.6778.262,249
Android Webview,131.0.6778.39,62
Android Webview,131.0.6778.40,5
Android Webview,131.0.6778.41,29
Android Webview,131.0.6778.46,33
Android Webview,131.0.6778.78,234
Android Webview,131.0.6778.81,10
Android Webview,131.0.6778.82,5
Android Webview,131.0.6778.93,1425
Android Webview,132.0.6834.122,1000
Android Webview,132.0.6834.123,421
Android Webview,132.0.6834.156,2123
Android Webview,132.0.6834.163,1210
Android Webview,132.0.6834.165,24
Android Webview,132.0.6834.33,5
Android Webview,132.0.6834.43,10
Android Webview,132.0.6834.56,14
Android Webview,132.0.6834.74,3362
Android Webview,132.0.6834.79,536
Android Webview,132.0.6834.80,10
Android Webview,132.0.6834.90,3620
Android Webview,132.0.6834.97,3525
Android Webview,133.0.6943.23,19
Android Webview,133.0.6943.39,5
Android Webview,133.0.6943.46,210
Android Webview,133.0.6943.49,14
Android Webview,70.0.3538.110,5
Android Webview,70.0.3538.80,14
Android Webview,75.0.3770.143,5
Android Webview,78.0.3904.96,10
Android Webview,80.0.3987.149,139
Android Webview,83.0.4103.106,5
Android Webview,83.0.4103.120,24
Android Webview,84.0.4147.89,29
Android Webview,87.0.4280.141,19
Android Webview,88.0.4324.152,5
Android Webview,90.0.4430.91,10
Android Webview,92.0.4515.105,187
Android Webview,92.0.4515.131,5
Android Webview,92.0.4515.159,5
Android Webview,93.0.4577.62,14
Android Webview,94.0.4606.85,5
Android Webview,95.0.4638.74,19
Android Webview,97.0.4692.98,19
Android Webview,98.0.4758.101,10
Android Webview,99.0.4844.88,24
Chrome,(not set),19
Chrome,1.0.7.0,5
Chrome,100.0.4896.127,172
Chrome,100.0.4896.58,10
Chrome,100.0.4896.60,14
Chrome,100.0.4896.75,10
Chrome,100.0.4896.79,14
Chrome,100.0.4896.81,10
Chrome,100.0.4896.85,5
Chrome,100.0.4896.88,24
Chrome,101.0.4951.41,19
Chrome,101.0.4951.44,14
Chrome,101.0.4951.54,29
Chrome,101.0.4951.58,43
Chrome,101.0.4951.61,29
Chrome,101.0.4951.64,14
Chrome,101.0.4951.67,19
Chrome,101.0.4951.74,5
Chrome,102.0.5005.115,38
Chrome,102.0.5005.125,153
Chrome,102.0.5005.153,5
Chrome,102.0.5005.171,14
Chrome,102.0.5005.58,10
Chrome,102.0.5005.63,10
Chrome,102.0.5005.67,10
Chrome,102.0.5005.78,10
Chrome,102.0.5005.87,14
Chrome,102.0.5005.98,5
Chrome,102.0.5005.99,10
Chrome,103.0.5060.114,29
Chrome,103.0.5060.129,158
Chrome,103.0.5060.132,2219
Chrome,103.0.5060.134,2123
Chrome,103.0.5060.15,14
Chrome,103.0.5060.53,38
Chrome,103.0.5060.63,57
Chrome,103.0.5060.70,5
Chrome,103.0.5060.71,124
Chrome,104.0.5112.101,5
Chrome,104.0.5112.102,53
Chrome,104.0.5112.126,5
Chrome,104.0.5112.69,29
Chrome,104.0.5112.81,14
Chrome,104.0.5112.88,81
Chrome,104.0.5112.97,143
Chrome,104.0.5112.99,10
Chrome,105.0.0.0,29
Chrome,105.0.5195.100,24
Chrome,105.0.5195.102,14
Chrome,105.0.5195.124,10
Chrome,105.0.5195.125,5
Chrome,105.0.5195.127,43
Chrome,105.0.5195.129,29
Chrome,105.0.5195.134,24
Chrome,105.0.5195.136,258
Chrome,105.0.5195.147,62
Chrome,105.0.5195.77,5
Chrome,105.0.5195.79,24
Chrome,106.0.0.0,10
Chrome,106.0.5249.118,10
Chrome,106.0.5249.119,24
Chrome,106.0.5249.126,416
Chrome,106.0.5249.168,10
Chrome,106.0.5249.65,10
Chrome,106.0.5249.75,19
Chrome,106.0.5249.79,14
Chrome,106.0.5249.91,555
Chrome,106.0.5249.92,43
Chrome,107.0.0.0,29
Chrome,107.0.5304.101,53
Chrome,107.0.5304.105,120
Chrome,107.0.5304.107,29
Chrome,107.0.5304.110,43
Chrome,107.0.5304.141,24
Chrome,107.0.5304.54,10
Chrome,107.0.5304.66,43
Chrome,107.0.5304.68,10
Chrome,107.0.5304.87,29
Chrome,107.0.5304.88,10
Chrome,107.0.5304.91,53
Chrome,108.0.0.0,57
Chrome,108.0.5359.112,105
Chrome,108.0.5359.124,62
Chrome,108.0.5359.125,14
Chrome,108.0.5359.128,244
Chrome,108.0.5359.220,1851
Chrome,108.0.5359.52,48
Chrome,108.0.5359.61,5
Chrome,108.0.5359.71,5
Chrome,108.0.5359.72,5
Chrome,108.0.5359.79,19
Chrome,108.0.5359.94,5
Chrome,108.0.5359.98,14
Chrome,108.0.5359.99,5
Chrome,109.0.0.0,96
Chrome,109.0.5414.112,62
Chrome,109.0.5414.117,81
Chrome,109.0.5414.118,72
Chrome,109.0.5414.119,14
Chrome,109.0.5414.120,7193
Chrome,109.0.5414.123,19
Chrome,109.0.5414.125,5
Chrome,109.0.5414.141,24
Chrome,109.0.5414.149,5
Chrome,109.0.5414.168,3233
Chrome,109.0.5414.74,5
Chrome,109.0.5414.75,10
Chrome,109.0.5414.83,43
Chrome,109.0.5414.85,14
Chrome,109.0.5414.86,29
Chrome,109.0.5414.87,29
Chrome,110.0.0.0,14
Chrome,110.0.5481.100,14
Chrome,110.0.5481.104,14
Chrome,110.0.5481.112,5
Chrome,110.0.5481.114,96
Chrome,110.0.5481.153,91
Chrome,110.0.5481.154,33
Chrome,110.0.5481.177,5
Chrome,110.0.5481.178,10
Chrome,110.0.5481.212,19
Chrome,110.0.5481.64,5
Chrome,110.0.5481.65,29
Chrome,110.0.5481.78,5
Chrome,110.0.5481.83,57
Chrome,111.0.0.0,43
Chrome,111.0.5563.100,5
Chrome,111.0.5563.101,24
Chrome,111.0.5563.110,29
Chrome,111.0.5563.111,10
Chrome,111.0.5563.115,14
Chrome,111.0.5563.116,727
Chrome,111.0.5563.118,10
Chrome,111.0.5563.146,29
Chrome,111.0.5563.147,48
Chrome,111.0.5563.148,14
Chrome,111.0.5563.48,5
Chrome,111.0.5563.57,81
Chrome,111.0.5563.58,24
Chrome,111.0.5563.64,10
Chrome,111.0.5563.65,129
Chrome,111.0.5563.71,5
Chrome,111.0.5563.72,77
Chrome,112.0.0.0,57
Chrome,112.0.5615.100,19
Chrome,112.0.5615.101,14
Chrome,112.0.5615.121,24
Chrome,112.0.5615.134,14
Chrome,112.0.5615.135,53
Chrome,112.0.5615.136,206
Chrome,112.0.5615.137,19
Chrome,112.0.5615.138,38
Chrome,112.0.5615.139,5
Chrome,112.0.5615.167,38
Chrome,112.0.5615.46,43
Chrome,112.0.5615.47,38
Chrome,112.0.5615.48,38
Chrome,112.0.5615.49,14
Chrome,112.0.5615.50,24
Chrome,112.0.5615.62,5
Chrome,112.0.5615.70,14
Chrome,113.0.0.0,14
Chrome,113.0.5672.109,10
Chrome,113.0.5672.114,10
Chrome,113.0.5672.121,120
Chrome,113.0.5672.126,5
Chrome,113.0.5672.127,53
Chrome,113.0.5672.131,33
Chrome,113.0.5672.132,19
Chrome,113.0.5672.136,14
Chrome,113.0.5672.162,19
Chrome,113.0.5672.163,5
Chrome,113.0.5672.61,5
Chrome,113.0.5672.64,5
Chrome,113.0.5672.69,48
Chrome,113.0.5672.76,14
Chrome,113.0.5672.77,24
Chrome,113.0.5672.92,38
Chrome,113.0.5672.93,19
Chrome,114,5
Chrome,114.0.0.0,33
Chrome,114.0.5735.106,48
Chrome,114.0.5735.110,38
Chrome,114.0.5735.119,320
Chrome,114.0.5735.124,148
Chrome,114.0.5735.130,33
Chrome,114.0.5735.131,72
Chrome,114.0.5735.133,38
Chrome,114.0.5735.134,10
Chrome,114.0.5735.135,5
Chrome,114.0.5735.143,5
Chrome,114.0.5735.196,1994
Chrome,114.0.5735.197,14
Chrome,114.0.5735.198,38
Chrome,114.0.5735.199,62
Chrome,114.0.5735.205,10
Chrome,114.0.5735.226,19
Chrome,114.0.5735.239,33
Chrome,114.0.5735.321,10
Chrome,114.0.5735.330,38
Chrome,114.0.5735.52,10
Chrome,114.0.5735.53,14
Chrome,114.0.5735.57,14
Chrome,114.0.5735.58,24
Chrome,114.0.5735.60,153
Chrome,114.0.5735.61,62
Chrome,114.0.5735.90,5
Chrome,114.0.5735.91,14
Chrome,114.0.5735.99,33
Chrome,115.0.0.0,29
Chrome,115.0.5790.102,110
Chrome,115.0.5790.110,43
Chrome,115.0.5790.114,29
Chrome,115.0.5790.130,48
Chrome,115.0.5790.138,38
Chrome,115.0.5790.139,10
Chrome,115.0.5790.160,91
Chrome,115.0.5790.166,129
Chrome,115.0.5790.167,5
Chrome,115.0.5790.168,86
Chrome,115.0.5790.170,38
Chrome,115.0.5790.171,48
Chrome,115.0.5790.182,5
Chrome,115.0.5790.46,5
Chrome,115.0.5790.84,10
Chrome,115.0.5790.85,5
Chrome,116.0.0.0,172
Chrome,116.0.5845.1023,10
Chrome,116.0.5845.103,43
Chrome,116.0.5845.110,14
Chrome,116.0.5845.111,53
Chrome,116.0.5845.112,5
Chrome,116.0.5845.114,38
Chrome,116.0.5845.115,10
Chrome,116.0.5845.118,43
Chrome,116.0.5845.120,5
Chrome,116.0.5845.140,24
Chrome,116.0.5845.141,14
Chrome,116.0.5845.146,24
Chrome,116.0.5845.163,62
Chrome,116.0.5845.164,5
Chrome,116.0.5845.168,19
Chrome,116.0.5845.172,38
Chrome,116.0.5845.173,14
Chrome,116.0.5845.177,19
Chrome,116.0.5845.179,33
Chrome,116.0.5845.180,14
Chrome,116.0.5845.182,5
Chrome,116.0.5845.187,7575
Chrome,116.0.5845.188,53
Chrome,116.0.5845.195,10
Chrome,116.0.5845.210,57
Chrome,116.0.5845.554,5
Chrome,116.0.5845.90,5
Chrome,116.0.5845.92,67
Chrome,116.0.5845.93,5
Chrome,116.0.5845.96,53
Chrome,116.0.5845.97,43
Chrome,117.0.0.0,10
Chrome,117.0.5938.108,62
Chrome,117.0.5938.117,53
Chrome,117.0.5938.132,191
Chrome,117.0.5938.140,14
Chrome,117.0.5938.141,19
Chrome,117.0.5938.149,14
Chrome,117.0.5938.150,24
Chrome,117.0.5938.153,81
Chrome,117.0.5938.154,10
Chrome,117.0.5938.155,5
Chrome,117.0.5938.156,14
Chrome,117.0.5938.157,5
Chrome,117.0.5938.48,10
Chrome,117.0.5938.60,870
Chrome,117.0.5938.61,5
Chrome,117.0.5938.62,5
Chrome,117.0.5938.63,24
Chrome,117.0.5938.88,5
Chrome,117.0.5938.89,81
Chrome,117.0.5938.92,38
Chrome,118.0.0.0,86
Chrome,118.0.5993.111,110
Chrome,118.0.5993.112,10
Chrome,118.0.5993.117,57
Chrome,118.0.5993.118,43
Chrome,118.0.5993.119,5
Chrome,118.0.5993.120,5
Chrome,118.0.5993.124,14
Chrome,118.0.5993.159,2912
Chrome,118.0.5993.164,10
Chrome,118.0.5993.48,19
Chrome,118.0.5993.58,24
Chrome,118.0.5993.69,10
Chrome,118.0.5993.70,10
Chrome,118.0.5993.71,29
Chrome,118.0.5993.80,837
Chrome,118.0.5993.81,10
Chrome,118.0.5993.82,5
Chrome,118.0.5993.86,14
Chrome,118.0.5993.88,33
Chrome,118.0.5993.89,43
Chrome,118.0.5993.92,43
Chrome,119.0.0.0,86
Chrome,119.0.6045.105,14
Chrome,119.0.6045.106,19
Chrome,119.0.6045.109,191
Chrome,119.0.6045.123,67
Chrome,119.0.6045.124,120
Chrome,119.0.6045.134,53
Chrome,119.0.6045.159,29
Chrome,119.0.6045.160,81
Chrome,119.0.6045.163,187
Chrome,119.0.6045.164,5
Chrome,119.0.6045.169,148
Chrome,119.0.6045.193,2348
Chrome,119.0.6045.194,918
Chrome,119.0.6045.199,48
Chrome,119.0.6045.200,67
Chrome,119.0.6045.201,5
Chrome,119.0.6045.202,14
Chrome,119.0.6045.212,5
Chrome,119.0.6045.214,10
Chrome,119.0.6045.41,5
Chrome,119.0.6045.66,62
Chrome,119.0.6045.67,29
Chrome,120.0.0.0,244
Chrome,120.0.6099.101,91
Chrome,120.0.6099.109,29
Chrome,120.0.6099.110,19
Chrome,120.0.6099.111,5
Chrome,120.0.6099.115,91
Chrome,120.0.6099.116,29
Chrome,120.0.6099.119,1377
Chrome,120.0.6099.129,105
Chrome,120.0.6099.130,72
Chrome,120.0.6099.144,120
Chrome,120.0.6099.145,53
Chrome,120.0.6099.193,856
Chrome,120.0.6099.194,5
Chrome,120.0.6099.199,29
Chrome,120.0.6099.200,33
Chrome,120.0.6099.201,5
Chrome,120.0.6099.210,129
Chrome,120.0.6099.211,19
Chrome,120.0.6099.212,10
Chrome,120.0.6099.216,57
Chrome,120.0.6099.217,81
Chrome,120.0.6099.218,77
Chrome,120.0.6099.224,67
Chrome,120.0.6099.225,110
Chrome,120.0.6099.227,29
Chrome,120.0.6099.230,105
Chrome,120.0.6099.231,43
Chrome,120.0.6099.234,72
Chrome,120.0.6099.235,10
Chrome,120.0.6099.295,19
Chrome,120.0.6099.315,5
Chrome,120.0.6099.338,10
Chrome,120.0.6099.4,5
Chrome,120.0.6099.43,53
Chrome,120.0.6099.44,10
Chrome,120.0.6099.50,53
Chrome,120.0.6099.62,5
Chrome,120.0.6099.71,81
Chrome,120.0.6099.72,10
Chrome,121.0.0.0,53
Chrome,121.0.6167.101,43
Chrome,121.0.6167.102,38
Chrome,121.0.6167.138,105
Chrome,121.0.6167.139,48
Chrome,121.0.6167.140,14
Chrome,121.0.6167.143,105
Chrome,121.0.6167.144,120
Chrome,121.0.6167.159,24
Chrome,121.0.6167.160,33
Chrome,121.0.6167.161,96
Chrome,121.0.6167.162,5
Chrome,121.0.6167.164,110
Chrome,121.0.6167.165,33
Chrome,121.0.6167.171,177
Chrome,121.0.6167.178,153
Chrome,121.0.6167.180,43
Chrome,121.0.6167.184,57
Chrome,121.0.6167.185,172
Chrome,121.0.6167.187,19
Chrome,121.0.6167.188,5
Chrome,121.0.6167.189,29
Chrome,121.0.6167.212,53
Chrome,121.0.6167.66,48
Chrome,121.0.6167.85,105
Chrome,121.0.6167.86,29
Chrome,121.0.6167.87,10
Chrome,122,5
Chrome,122.0.0.0,96
Chrome,122.0.6225.0,172
Chrome,122.0.6261.105,120
Chrome,122.0.6261.106,5
Chrome,122.0.6261.111,19
Chrome,122.0.6261.112,684
Chrome,122.0.6261.113,191
Chrome,122.0.6261.118,5
Chrome,122.0.6261.119,153
Chrome,122.0.6261.120,33
Chrome,122.0.6261.128,153
Chrome,122.0.6261.129,3190
Chrome,122.0.6261.131,335
Chrome,122.0.6261.137,5
Chrome,122.0.6261.5,14
Chrome,122.0.6261.51,5
Chrome,122.0.6261.57,5
Chrome,122.0.6261.58,38
Chrome,122.0.6261.62,134
Chrome,122.0.6261.64,91
Chrome,122.0.6261.65,19
Chrome,122.0.6261.69,77
Chrome,122.0.6261.70,43
Chrome,122.0.6261.71,33
Chrome,122.0.6261.89,340
Chrome,122.0.6261.90,105
Chrome,122.0.6261.91,14
Chrome,122.0.6261.94,29
Chrome,122.0.6261.95,383
Chrome,122.0.6261.96,24
Chrome,123.0.0.0,2176
Chrome,123.0.6272.2,10
Chrome,123.0.6312.100,14
Chrome,123.0.6312.105,38
Chrome,123.0.6312.106,268
Chrome,123.0.6312.107,172
Chrome,123.0.6312.112,33
Chrome,123.0.6312.118,956
Chrome,123.0.6312.119,10
Chrome,123.0.6312.120,29
Chrome,123.0.6312.121,33
Chrome,123.0.6312.122,24
Chrome,123.0.6312.123,167
Chrome,123.0.6312.124,24
Chrome,123.0.6312.132,10
Chrome,123.0.6312.134,38
Chrome,123.0.6312.28,10
Chrome,123.0.6312.40,77
Chrome,123.0.6312.41,19
Chrome,123.0.6312.52,751
Chrome,123.0.6312.58,316
Chrome,123.0.6312.59,53
Chrome,123.0.6312.60,10
Chrome,123.0.6312.80,206
Chrome,123.0.6312.81,29
Chrome,123.0.6312.86,57
Chrome,123.0.6312.87,81
Chrome,123.0.6312.88,14
Chrome,123.0.6312.99,143
Chrome,124.0.0.0,1899
Chrome,124.0.6327.1,48
Chrome,124.0.6327.2,67
Chrome,124.0.6328.0,110
Chrome,124.0.6367.111,397
Chrome,124.0.6367.113,96
Chrome,124.0.6367.114,10
Chrome,124.0.6367.118,14
Chrome,124.0.6367.119,344
Chrome,124.0.6367.123,14
Chrome,124.0.6367.154,24
Chrome,124.0.6367.156,110
Chrome,124.0.6367.158,48
Chrome,124.0.6367.159,72
Chrome,124.0.6367.161,14
Chrome,124.0.6367.171,57
Chrome,124.0.6367.172,33
Chrome,124.0.6367.179,225
Chrome,124.0.6367.201,29
Chrome,124.0.6367.202,53
Chrome,124.0.6367.207,29
Chrome,124.0.6367.208,182
Chrome,124.0.6367.210,14
Chrome,124.0.6367.219,5
Chrome,124.0.6367.221,43
Chrome,124.0.6367.225,48
Chrome,124.0.6367.248,19
Chrome,124.0.6367.54,182
Chrome,124.0.6367.60,163
Chrome,124.0.6367.61,81
Chrome,124.0.6367.62,81
Chrome,124.0.6367.63,143
Chrome,124.0.6367.678,5
Chrome,124.0.6367.68,33
Chrome,124.0.6367.71,120
Chrome,124.0.6367.78,33
Chrome,124.0.6367.79,24
Chrome,124.0.6367.80,10
Chrome,124.0.6367.82,287
Chrome,124.0.6367.83,14
Chrome,124.0.6367.88,249
Chrome,124.0.6367.91,234
Chrome,124.0.6367.92,48
Chrome,124.0.6367.93,38
Chrome,124.0.6367.95,5
Chrome,125,10
Chrome,125.0.0.0,1865
Chrome,125.0.6422.112,100
Chrome,125.0.6422.113,268
Chrome,125.0.6422.114,14
Chrome,125.0.6422.140,38
Chrome,125.0.6422.141,48
Chrome,125.0.6422.142,340
Chrome,125.0.6422.143,10
Chrome,125.0.6422.144,5
Chrome,125.0.6422.145,617
Chrome,125.0.6422.146,14
Chrome,125.0.6422.147,43
Chrome,125.0.6422.165,191
Chrome,125.0.6422.166,5
Chrome,125.0.6422.167,19
Chrome,125.0.6422.169,24
Chrome,125.0.6422.176,105
Chrome,125.0.6422.186,48
Chrome,125.0.6422.19,5
Chrome,125.0.6422.197,57
Chrome,125.0.6422.26,67
Chrome,125.0.6422.33,38
Chrome,125.0.6422.34,10
Chrome,125.0.6422.51,182
Chrome,125.0.6422.52,53
Chrome,125.0.6422.53,148
Chrome,125.0.6422.60,10
Chrome,125.0.6422.61,120
Chrome,125.0.6422.71,10
Chrome,125.0.6422.72,182
Chrome,125.0.6422.76,48
Chrome,125.0.6422.77,62
Chrome,125.0.6422.78,29
Chrome,125.0.6422.80,3152
Chrome,126,5
Chrome,126.0.0.0,230
Chrome,126.0.6478.108,81
Chrome,126.0.6478.110,1937
Chrome,126.0.6478.111,53
Chrome,126.0.6478.114,53
Chrome,126.0.6478.115,163
Chrome,126.0.6478.120,43
Chrome,126.0.6478.122,923
Chrome,126.0.6478.123,115
Chrome,126.0.6478.126,33
Chrome,126.0.6478.127,966
Chrome,126.0.6478.128,134
Chrome,126.0.6478.132,48
Chrome,126.0.6478.134,14
Chrome,126.0.6478.135,10
Chrome,126.0.6478.153,526
Chrome,126.0.6478.17,5
Chrome,126.0.6478.178,33
Chrome,126.0.6478.182,91
Chrome,126.0.6478.183,268
Chrome,126.0.6478.185,43
Chrome,126.0.6478.186,124
Chrome,126.0.6478.187,10
Chrome,126.0.6478.188,72
Chrome,126.0.6478.214,33
Chrome,126.0.6478.222,4017
Chrome,126.0.6478.238,96
Chrome,126.0.6478.252,5
Chrome,126.0.6478.255,5
Chrome,126.0.6478.256,29
Chrome,126.0.6478.257,19
Chrome,126.0.6478.258,167
Chrome,126.0.6478.260,397
Chrome,126.0.6478.261,359
Chrome,126.0.6478.263,163
Chrome,126.0.6478.264,14
Chrome,126.0.6478.35,10
Chrome,126.0.6478.40,5
Chrome,126.0.6478.50,29
Chrome,126.0.6478.54,196
Chrome,126.0.6478.57,19
Chrome,126.0.6478.6,5
Chrome,126.0.6478.61,62
Chrome,126.0.6478.62,91
Chrome,126.0.6478.63,33
Chrome,126.0.6478.71,1315
Chrome,126.0.6478.72,100
Chrome,126.0.6478.8,5
Chrome,127.0.0.0,110
Chrome,127.0.0.82,5
Chrome,127.0.0.86,5
Chrome,127.0.0.87,5
Chrome,127.0.6523.4,10
Chrome,127.0.6533.100,789
Chrome,127.0.6533.101,57
Chrome,127.0.6533.103,1153
Chrome,127.0.6533.104,10
Chrome,127.0.6533.105,225
Chrome,127.0.6533.106,249
Chrome,127.0.6533.107,320
Chrome,127.0.6533.114,5
Chrome,127.0.6533.119,43
Chrome,127.0.6533.120,435
Chrome,127.0.6533.122,38
Chrome,127.0.6533.132,91
Chrome,127.0.6533.138,124
Chrome,127.0.6533.51,14
Chrome,127.0.6533.56,33
Chrome,127.0.6533.57,5
Chrome,127.0.6533.64,426
Chrome,127.0.6533.65,48
Chrome,127.0.6533.72,62
Chrome,127.0.6533.73,148
Chrome,127.0.6533.74,43
Chrome,127.0.6533.77,268
Chrome,127.0.6533.84,497
Chrome,127.0.6533.85,62
Chrome,127.0.6533.88,48
Chrome,127.0.6533.89,330
Chrome,127.0.6533.90,33
Chrome,127.0.6533.99,67
Chrome,128,5
Chrome,128.0.0.0,206
Chrome,128.0.6613.100,143
Chrome,128.0.6613.113,244
Chrome,128.0.6613.114,210
Chrome,128.0.6613.115,115
Chrome,128.0.6613.116,5
Chrome,128.0.6613.117,33
Chrome,128.0.6613.118,86
Chrome,128.0.6613.119,57
Chrome,128.0.6613.120,775
Chrome,128.0.6613.121,43
Chrome,128.0.6613.127,497
Chrome,128.0.6613.128,335
Chrome,128.0.6613.129,19
Chrome,128.0.6613.133,57
Chrome,128.0.6613.137,48
Chrome,128.0.6613.138,6758
Chrome,128.0.6613.139,96
Chrome,128.0.6613.14,24
Chrome,128.0.6613.146,655
Chrome,128.0.6613.147,292
Chrome,128.0.6613.148,53
Chrome,128.0.6613.161,91
Chrome,128.0.6613.163,163
Chrome,128.0.6613.170,33
Chrome,128.0.6613.187,19
Chrome,128.0.6613.194,62
Chrome,128.0.6613.25,19
Chrome,128.0.6613.34,273
Chrome,128.0.6613.36,14
Chrome,128.0.6613.40,43
Chrome,128.0.6613.6,48
Chrome,128.0.6613.84,134
Chrome,128.0.6613.85,483
Chrome,128.0.6613.86,196
Chrome,128.0.6613.88,913
Chrome,128.0.6613.92,277
Chrome,128.0.6613.98,708
Chrome,128.0.6613.99,244
Chrome,129.0.0.0,588
Chrome,129.0.6614.4,48
Chrome,129.0.6616.0,5
Chrome,129.0.6628.0,14
Chrome,129.0.6628.3,5
Chrome,129.0.6642.0,33
Chrome,129.0.6656.2,33
Chrome,129.0.6668.100,1440
Chrome,129.0.6668.101,1693
Chrome,129.0.6668.102,311
Chrome,129.0.6668.103,148
Chrome,129.0.6668.110,110
Chrome,129.0.6668.112,459
Chrome,129.0.6668.196,5
Chrome,129.0.6668.20,19
Chrome,129.0.6668.29,24
Chrome,129.0.6668.31,33
Chrome,129.0.6668.38,29
Chrome,129.0.6668.42,5
Chrome,129.0.6668.46,416
Chrome,129.0.6668.54,215
Chrome,129.0.6668.58,153
Chrome,129.0.6668.59,349
Chrome,129.0.6668.60,263
Chrome,129.0.6668.69,1162
Chrome,129.0.6668.70,1229
Chrome,129.0.6668.71,756
Chrome,129.0.6668.72,57
Chrome,129.0.6668.80,72
Chrome,129.0.6668.81,880
Chrome,129.0.6668.82,91
Chrome,129.0.6668.89,43
Chrome,129.0.6668.9,14
Chrome,129.0.6668.90,1114
Chrome,129.0.6668.91,273
Chrome,129.0.6668.99,72
Chrome,130,14
Chrome,130.0.0.0,2233
Chrome,130.0.6669.0,43
Chrome,130.0.6669.2,5
Chrome,130.0.6683.0,19
Chrome,130.0.6696.0,53
Chrome,130.0.6699.3,5
Chrome,130.0.6710.0,53
Chrome,130.0.6723.101,359
Chrome,130.0.6723.102,2200
Chrome,130.0.6723.103,765
Chrome,130.0.6723.107,62
Chrome,130.0.6723.108,43
Chrome,130.0.6723.116,340
Chrome,130.0.6723.117,4878
Chrome,130.0.6723.118,14
Chrome,130.0.6723.119,626
Chrome,130.0.6723.126,12162
Chrome,130.0.6723.130,139
Chrome,130.0.6723.142,4644
Chrome,130.0.6723.152,19
Chrome,130.0.6723.154,14
Chrome,130.0.6723.160,120
Chrome,130.0.6723.162,29
Chrome,130.0.6723.17,29
Chrome,130.0.6723.170,368
Chrome,130.0.6723.172,81
Chrome,130.0.6723.184,5954
Chrome,130.0.6723.191,378
Chrome,130.0.6723.192,2243
Chrome,130.0.6723.193,77
Chrome,130.0.6723.27,43
Chrome,130.0.6723.37,928
Chrome,130.0.6723.40,24
Chrome,130.0.6723.5,19
Chrome,130.0.6723.58,937
Chrome,130.0.6723.59,770
Chrome,130.0.6723.6,5
Chrome,130.0.6723.60,91
Chrome,130.0.6723.662,5
Chrome,130.0.6723.680,14
Chrome,130.0.6723.69,277
Chrome,130.0.6723.70,1306
Chrome,130.0.6723.71,158
Chrome,130.0.6723.725,5
Chrome,130.0.6723.73,1090
Chrome,130.0.6723.74,215
Chrome,130.0.6723.78,311
Chrome,130.0.6723.80,5
Chrome,130.0.6723.817,10
Chrome,130.0.6723.84,201
Chrome,130.0.6723.86,1593
Chrome,130.0.6723.87,120
Chrome,130.0.6723.90,1368
Chrome,130.0.6723.91,187
Chrome,130.0.6723.92,2353
Chrome,130.0.6723.93,210
Chrome,131,421
Chrome,131.0.0.0,17996
Chrome,131.0.2903.107,10
Chrome,131.0.2903.112,14
Chrome,131.0.2903.125,29
Chrome,131.0.2903.134,5
Chrome,131.0.2903.145,14
Chrome,131.0.2903.92,24
Chrome,131.0.6724.0,77
Chrome,131.0.6738.0,48
Chrome,131.0.6752.0,67
Chrome,131.0.6753.0,10
Chrome,131.0.6764.4,53
Chrome,131.0.6768.3,5
Chrome,131.0.6768.4,5
Chrome,131.0.6778.103,6408
Chrome,131.0.6778.104,17513
Chrome,131.0.6778.105,8623
Chrome,131.0.6778.108,1459
Chrome,131.0.6778.109,17953
Chrome,131.0.6778.110,3400
Chrome,131.0.6778.134,28522
Chrome,131.0.6778.135,151559
Chrome,131.0.6778.136,10741
Chrome,131.0.6778.139,3845
Chrome,131.0.6778.14,48
Chrome,131.0.6778.140,77972
Chrome,131.0.6778.141,2936
Chrome,131.0.6778.154,124797
Chrome,131.0.6778.2,62
Chrome,131.0.6778.200,465027
Chrome,131.0.6778.201,18828
Chrome,131.0.6778.202,19
Chrome,131.0.6778.204,3410
Chrome,131.0.6778.205,199546
Chrome,131.0.6778.206,6968
Chrome,131.0.6778.210,5
Chrome,131.0.6778.22,105
Chrome,131.0.6778.24,5
Chrome,131.0.6778.241,9904
Chrome,131.0.6778.260,211736
Chrome,131.0.6778.261,136021
Chrome,131.0.6778.262,163
Chrome,131.0.6778.264,7255
Chrome,131.0.6778.265,159737
Chrome,131.0.6778.266,21961
Chrome,131.0.6778.267,13549
Chrome,131.0.6778.31,24
Chrome,131.0.6778.33,24
Chrome,131.0.6778.39,1272
Chrome,131.0.6778.40,383
Chrome,131.0.6778.41,33
Chrome,131.0.6778.69,837
Chrome,131.0.6778.70,5662
Chrome,131.0.6778.71,641
Chrome,131.0.6778.73,3730
Chrome,131.0.6778.80,5
Chrome,131.0.6778.81,7695
Chrome,131.0.6778.82,650
Chrome,131.0.6778.85,870
Chrome,131.0.6778.86,15265
Chrome,131.0.6778.87,1186
Chrome,131.0.6778.96,2123
Chrome,131.1.2.65,19
Chrome,132,277
Chrome,132.0.0.0,11110
Chrome,132.0.2957.122,38
Chrome,132.0.6779.0,5
Chrome,132.0.6793.3,5
Chrome,132.0.6808.3,10
Chrome,132.0.6834.100,68790
Chrome,132.0.6834.110,14529
Chrome,132.0.6834.111,31626
Chrome,132.0.6834.112,6437
Chrome,132.0.6834.122,58226
Chrome,132.0.6834.123,18747
Chrome,132.0.6834.14,19
Chrome,132.0.6834.15,14
Chrome,132.0.6834.154,4199
Chrome,132.0.6834.159,7264
Chrome,132.0.6834.160,111071
Chrome,132.0.6834.161,206
Chrome,132.0.6834.162,4122
Chrome,132.0.6834.163,263879
Chrome,132.0.6834.164,120
Chrome,132.0.6834.165,44797
Chrome,132.0.6834.168,43
Chrome,132.0.6834.190,1946
Chrome,132.0.6834.194,81
Chrome,132.0.6834.196,10947
Chrome,132.0.6834.197,29
Chrome,132.0.6834.206,43
Chrome,132.0.6834.32,10
Chrome,132.0.6834.33,10
Chrome,132.0.6834.39,10
Chrome,132.0.6834.43,253
Chrome,132.0.6834.46,48
Chrome,132.0.6834.5,10
Chrome,132.0.6834.52,5
Chrome,132.0.6834.54,5
Chrome,132.0.6834.56,784
Chrome,132.0.6834.57,115
Chrome,132.0.6834.6,5
Chrome,132.0.6834.69,10
Chrome,132.0.6834.76,29
Chrome,132.0.6834.78,36279
Chrome,132.0.6834.79,134630
Chrome,132.0.6834.80,50880
Chrome,132.0.6834.83,23013
Chrome,132.0.6834.84,18044
Chrome,132.0.6834.94,3099
Chrome,132.1.2.73,33
Chrome,133,10
Chrome,133.0.0.0,717
Chrome,133.0.6876.3,5
Chrome,133.0.6876.4,5
Chrome,133.0.6888.2,19
Chrome,133.0.6889.2,14
Chrome,133.0.6892.0,10
Chrome,133.0.6900.0,5
Chrome,133.0.6903.3,33
Chrome,133.0.6904.0,5
Chrome,133.0.6905.0,43
Chrome,133.0.6907.0,5
Chrome,133.0.6908.0,5
Chrome,133.0.6909.0,5
Chrome,133.0.6909.1,10
Chrome,133.0.6913.0,10
Chrome,133.0.6915.0,5
Chrome,133.0.6918.0,14
Chrome,133.0.6924.0,5
Chrome,133.0.6939.0,5
Chrome,133.0.6943.0,14
Chrome,133.0.6943.13,177
Chrome,133.0.6943.16,29
Chrome,133.0.6943.18,72
Chrome,133.0.6943.23,177
Chrome,133.0.6943.27,24
Chrome,133.0.6943.33,25342
Chrome,133.0.6943.35,301
Chrome,133.0.6943.39,335
Chrome,133.0.6943.4,19
Chrome,133.0.6943.49,56303
Chrome,133.0.6943.50,5
Chrome,133.0.6943.53,4170
Chrome,133.0.6943.54,4228
Chrome,133.0.6943.55,10
Chrome,133.0.6943.57,5
Chrome,133.0.6943.59,11822
Chrome,133.0.6943.6,10
Chrome,133.0.6943.60,3506
Chrome,133.0.6943.84,105
Chrome,133.0.6943.89,24
Chrome,133.0.6943.98,57
Chrome,133.0.6943.99,5
Chrome,134.0.0.0,19
Chrome,134.0.6950.0,5
Chrome,134.0.6957.0,5
Chrome,134.0.6958.0,5
Chrome,134.0.6958.2,57
Chrome,134.0.6962.0,5
Chrome,134.0.6972.0,72
Chrome,134.0.6972.2,5
Chrome,134.0.6974.0,19
Chrome,134.0.6974.3,10
Chrome,134.0.6975.0,5
Chrome,134.0.6976.0,5
Chrome,134.0.6980.0,5
Chrome,134.0.6986.0,10
Chrome,134.0.6988.2,5
Chrome,134.0.6989.0,5
Chrome,134.0.6993.0,5
Chrome,134.0.6998.3,48
Chrome,134.0.6998.4,105
Chrome,134.0.6998.5,5
Chrome,135.0.6999.0,14
Chrome,135.0.7003.0,10
Chrome,135.0.7004.0,5
Chrome,135.0.7005.0,5
Chrome,135.0.7006.0,10
Chrome,135.0.7008.0,5
Chrome,135.0.7010.1,5
Chrome,47.0.2526.83,10
Chrome,61.0.3163.128,43
Chrome,64.0.3282.112,5
Chrome,69.0.3497.105,5
Chrome,71.0.3578.89,10
Chrome,72.0.3626.101,5
Chrome,72.0.3626.121,5
Chrome,74.0.3729.121,5
Chrome,74.0.3729.169,10
Chrome,75.0.3770.144,43
Chrome,76.0.3809.123,5
Chrome,76.0.3809.136,53
Chrome,77.0.3865.103,24
Chrome,77.0.3865.120,5
Chrome,78.0.3904.108,5
Chrome,78.0.3904.84,24
Chrome,79.0.3945.0,10
Chrome,79.0.3945.116,19
Chrome,79.0.3945.79,62
Chrome,79.0.3945.88,10
Chrome,80.0.3987.132,5
Chrome,80.0.3987.149,10
Chrome,80.0.3987.95,29
Chrome,80.0.3987.99,5
Chrome,81.0.4044.113,5
Chrome,81.0.4044.117,10
Chrome,81.0.4044.122,5
Chrome,81.0.4044.124,29
Chrome,81.0.4044.138,301
Chrome,83.0.4103.101,5
Chrome,83.0.4103.106,100
Chrome,83.0.4103.116,24
Chrome,83.0.4103.120,5
Chrome,83.0.4103.61,5
Chrome,83.0.4103.88,19
Chrome,83.0.4103.97,10
Chrome,84.0.4147.122,14
Chrome,84.0.4147.125,10
Chrome,84.0.4147.127,5
Chrome,84.0.4147.135,5
Chrome,84.0.4147.136,57
Chrome,84.0.4147.71,5
Chrome,84.0.4147.89,14
Chrome,84.0.4147.90,5
Chrome,84.0.4147.98,10
Chrome,85.0.4183.101,24
Chrome,85.0.4183.102,38
Chrome,85.0.4183.109,10
Chrome,85.0.4183.121,10
Chrome,85.0.4183.127,62
Chrome,85.0.4183.81,5
Chrome,85.0.4183.83,5
Chrome,85.0.4183.92,5
Chrome,86.0.4231.0,14
Chrome,86.0.4240.110,5
Chrome,86.0.4240.114,5
Chrome,86.0.4240.185,19
Chrome,86.0.4240.198,19
Chrome,86.0.4240.93,14
Chrome,86.0.4240.99,14
Chrome,87.0.3945.79,48
Chrome,87.0.4280.101,81
Chrome,87.0.4280.141,526
Chrome,87.0.4280.163,57
Chrome,87.0.4280.60,5
Chrome,87.0.4280.66,5
Chrome,87.0.4280.77,72
Chrome,87.0.4280.88,239
Chrome,88.0.4324.146,10
Chrome,88.0.4324.150,5
Chrome,88.0.4324.152,19
Chrome,88.0.4324.181,14
Chrome,88.0.4324.182,14
Chrome,88.0.4324.93,24
Chrome,89.0.4389.105,19
Chrome,89.0.4389.116,14
Chrome,89.0.4389.128,5
Chrome,89.0.4389.82,10
Chrome,89.0.4389.90,14
Chrome,90.0.4430.210,86
Chrome,90.0.4430.212,10
Chrome,90.0.4430.216,14
Chrome,90.0.4430.66,14
Chrome,90.0.4430.72,5
Chrome,90.0.4430.82,10
Chrome,90.0.4430.91,14
Chrome,90.0.4430.93,24
Chrome,91.0,5
Chrome,91.0.4472.101,5
Chrome,91.0.4472.114,10
Chrome,91.0.4472.120,10
Chrome,91.0.4472.134,19
Chrome,91.0.4472.164,890
Chrome,91.0.4472.167,124
Chrome,91.0.4472.77,10
Chrome,91.0.4472.80,62
Chrome,91.0.4472.81,14
Chrome,91.0.4472.88,335
Chrome,92.0.4515.105,57
Chrome,92.0.4515.107,29
Chrome,92.0.4515.115,10
Chrome,92.0.4515.131,62
Chrome,92.0.4515.145,5
Chrome,92.0.4515.157,177
Chrome,92.0.4515.159,14
Chrome,92.0.4515.173,5
Chrome,92.0.4515.90,77
Chrome,93.0.4577.107,450
Chrome,93.0.4577.39,5
Chrome,93.0.4577.62,14
Chrome,93.0.4577.69,5
Chrome,93.0.4577.78,14
Chrome,93.0.4577.82,43
Chrome,94.0,5
Chrome,94.0.4606.124,5
Chrome,94.0.4606.126,10
Chrome,94.0.4606.128,57
Chrome,94.0.4606.52,14
Chrome,94.0.4606.61,14
Chrome,94.0.4606.71,67
Chrome,94.0.4606.81,10
Chrome,94.0.4606.85,86
Chrome,95.0.4638.50,38
Chrome,95.0.4638.54,5
Chrome,95.0.4638.69,10
Chrome,95.0.4638.74,273
Chrome,96.0.4664.101,19
Chrome,96.0.4664.104,134
Chrome,96.0.4664.110,5
Chrome,96.0.4664.116,14
Chrome,96.0.4664.45,29
Chrome,96.0.4664.53,29
Chrome,96.0.4664.55,5
Chrome,96.0.4664.61,57
Chrome,96.0.4664.93,5
Chrome,97.0.4692.102,14
Chrome,97.0.4692.71,43
Chrome,97.0.4692.84,10
Chrome,97.0.4692.87,5
Chrome,97.0.4692.98,110
Chrome,97.0.4692.99,24
Chrome,98.0.4758.101,19
Chrome,98.0.4758.102,33
Chrome,98.0.4758.107,10
Chrome,98.0.4758.80,10
Chrome,98.0.4758.81,5
Chrome,98.0.4758.82,33
Chrome,98.0.4758.85,72
Chrome,98.0.4758.87,33
Chrome,98.0.4758.97,38
Chrome,99.0.4844.47,5
Chrome,99.0.4844.48,5
Chrome,99.0.4844.51,110
Chrome,99.0.4844.58,10
Chrome,99.0.4844.59,38
Chrome,99.0.4844.73,29
Chrome,99.0.4844.74,29
Chrome,99.0.4844.88,234
Chrome,99.0.4864.133,5
Edge,100.0.1185.36,29
Edge,101.0.1210.32,5
Edge,101.0.1210.39,10
Edge,101.0.1210.53,10
Edge,102.0.1245.44,10
Edge,103.0.1264.44,5
Edge,103.0.1264.49,5
Edge,103.0.1264.71,5
Edge,104.0.1293.54,10
Edge,104.0.1293.63,10
Edge,105.0.1343.50,14
Edge,105.0.1343.53,2597
Edge,106.0.1370.34,5
Edge,106.0.1370.37,5
Edge,106.0.1370.42,19
Edge,106.0.1370.47,14
Edge,107.0.1418.26,10
Edge,107.0.1418.42,10
Edge,107.0.1418.52,5
Edge,108.0.1462.46,5
Edge,108.0.1462.54,5
Edge,108.0.1462.76,10
Edge,109.0.1518.115,19
Edge,109.0.1518.140,1200
Edge,109.0.1518.70,5
Edge,109.0.1518.78,53
Edge,109.0.5414.117,5
Edge,110.0.1587.41,5
Edge,110.0.1587.56,5
Edge,110.0.1587.57,5
Edge,110.0.1587.66,5
Edge,111.0.1661.41,10
Edge,111.0.1661.44,5
Edge,111.0.1661.51,24
Edge,111.0.1661.54,14
Edge,111.0.1661.62,24
Edge,112.0.1722.34,38
Edge,112.0.1722.39,14
Edge,112.0.1722.48,43
Edge,112.0.1722.58,5
Edge,112.0.1722.64,5
Edge,112.0.1722.68,5
Edge,112.0.1722.84,57
Edge,113.0.1774.35,33
Edge,113.0.1774.50,5
Edge,113.0.1774.57,10
Edge,114.0.1823.37,5
Edge,114.0.1823.41,5
Edge,114.0.1823.43,24
Edge,114.0.1823.51,38
Edge,114.0.1823.58,14
Edge,114.0.1823.61,5
Edge,114.0.1823.67,67
Edge,114.0.1823.68,10
Edge,114.0.1823.74,5
Edge,114.0.1823.82,10
Edge,114.0.1823.86,14
Edge,115.0.1901.183,5
Edge,115.0.1901.188,33
Edge,115.0.1901.196,10
Edge,115.0.1901.200,14
Edge,115.0.1901.203,33
Edge,116.0.1938.54,10
Edge,116.0.1938.69,14
Edge,116.0.1938.75,14
Edge,117.0.2045.36,5
Edge,117.0.2045.47,24
Edge,117.0.2045.53,5
Edge,117.0.2045.60,38
Edge,118.0.2088.46,143
Edge,118.0.2088.57,10
Edge,118.0.2088.61,14
Edge,118.0.2088.66,86
Edge,118.0.2088.69,5
Edge,118.0.2088.76,14
Edge,119.0.0.0,5
Edge,119.0.2151.107,10
Edge,119.0.2151.44,19
Edge,119.0.2151.58,38
Edge,119.0.2151.72,38
Edge,119.0.2151.93,5
Edge,119.0.2151.97,10
Edge,120.0.2210.115,10
Edge,120.0.2210.121,33
Edge,120.0.2210.126,5
Edge,120.0.2210.133,67
Edge,120.0.2210.144,43
Edge,120.0.2210.61,105
Edge,120.0.2210.77,24
Edge,120.0.2210.91,33
Edge,120.0.2210.99,5
Edge,121.0.0.0,14
Edge,121.0.2277.105,10
Edge,121.0.2277.106,10
Edge,121.0.2277.110,5
Edge,121.0.2277.112,19
Edge,121.0.2277.128,24
Edge,121.0.2277.83,10
Edge,121.0.2277.84,24
Edge,121.0.2277.98,24
Edge,122.0.0.0,5
Edge,122.0.2365.106,19
Edge,122.0.2365.120,24
Edge,122.0.2365.52,19
Edge,122.0.2365.59,14
Edge,122.0.2365.63,19
Edge,122.0.2365.66,19
Edge,122.0.2365.80,24
Edge,122.0.2365.86,10
Edge,122.0.2365.92,62
Edge,123.0.2420.53,14
Edge,123.0.2420.61,53
Edge,123.0.2420.65,91
Edge,123.0.2420.81,870
Edge,123.0.2420.97,344
Edge,124.0.2478.104,5
Edge,124.0.2478.105,10
Edge,124.0.2478.109,24
Edge,124.0.2478.51,43
Edge,124.0.2478.67,53
Edge,124.0.2478.80,120
Edge,124.0.2478.97,43
Edge,125.0.2535.51,86
Edge,125.0.2535.67,19
Edge,125.0.2535.72,10
Edge,125.0.2535.79,38
Edge,125.0.2535.85,53
Edge,125.0.2535.87,10
Edge,125.0.2535.92,62
Edge,125.0.2535.96,5
Edge,126.0.0.0,10
Edge,126.0.2592.100,14
Edge,126.0.2592.102,33
Edge,126.0.2592.106,5
Edge,126.0.2592.113,96
Edge,126.0.2592.117,14
Edge,126.0.2592.137,10
Edge,126.0.2592.56,153
Edge,126.0.2592.61,10
Edge,126.0.2592.68,29
Edge,126.0.2592.80,5
Edge,126.0.2592.81,67
Edge,126.0.2592.86,10
Edge,126.0.2592.87,134
Edge,127.0.2651.102,5
Edge,127.0.2651.105,134
Edge,127.0.2651.111,5
Edge,127.0.2651.74,91
Edge,127.0.2651.86,86
Edge,127.0.2651.90,5
Edge,127.0.2651.98,129
Edge,127.0.6533.104,5
Edge,128.0.2739.107,43
Edge,128.0.2739.113,5
Edge,128.0.2739.42,191
Edge,128.0.2739.54,129
Edge,128.0.2739.63,120
Edge,128.0.2739.67,287
Edge,128.0.2739.72,5
Edge,128.0.2739.79,167
Edge,128.0.2739.82,29
Edge,128.0.2739.97,5
Edge,128.0.6613.40,5
Edge,128.0.6613.88,5
Edge,129.0.2792.52,636
Edge,129.0.2792.65,158
Edge,129.0.2792.79,402
Edge,129.0.2792.84,14
Edge,129.0.2792.89,306
Edge,129.0.2792.92,10
Edge,129.0.6614.4,5
Edge,129.0.6656.2,5
Edge,129.0.6668.54,5
Edge,130,5
Edge,130.0.2849.108,894
Edge,130.0.2849.116,536
Edge,130.0.2849.123,1506
Edge,130.0.2849.13,10
Edge,130.0.2849.142,746
Edge,130.0.2849.46,961
Edge,130.0.2849.52,320
Edge,130.0.2849.56,555
Edge,130.0.2849.57,14
Edge,130.0.2849.68,736
Edge,130.0.2849.78,297
Edge,130.0.2849.80,2750
Edge,130.0.2849.99,325
Edge,130.0.6723.102,5
Edge,130.0.6723.103,10
Edge,130.0.6723.160,24
Edge,130.0.6723.17,5
Edge,130.0.6723.170,134
Edge,130.0.6723.191,5
Edge,130.0.6723.27,10
Edge,130.0.6723.58,5
Edge,130.0.6723.74,5
Edge,130.0.6723.86,5
Edge,130.0.6723.87,5
Edge,131.0.0.0,5
Edge,131.0.2903.107,1478
Edge,131.0.2903.112,115988
Edge,131.0.2903.113,1463
Edge,131.0.2903.125,3309
Edge,131.0.2903.134,2377
Edge,131.0.2903.145,3257
Edge,131.0.2903.146,56629
Edge,131.0.2903.147,306
Edge,131.0.2903.36,5
Edge,131.0.2903.48,689
Edge,131.0.2903.51,1774
Edge,131.0.2903.63,1310
Edge,131.0.2903.68,96
Edge,131.0.2903.70,4873
Edge,131.0.2903.77,172
Edge,131.0.2903.86,20665
Edge,131.0.2903.87,1975
Edge,131.0.2903.99,43472
Edge,131.0.6724.0,5
Edge,131.0.6752.0,5
Edge,131.0.6778.13,5
Edge,131.0.6778.14,5
Edge,131.0.6778.2,5
Edge,131.0.6778.40,10
Edge,132.0.0.0,10
Edge,132.0.2957.101,67
Edge,132.0.2957.106,62
Edge,132.0.2957.108,10
Edge,132.0.2957.111,72
Edge,132.0.2957.115,52669
Edge,132.0.2957.118,2224
Edge,132.0.2957.127,61860
Edge,132.0.2957.129,7432
Edge,132.0.2957.140,58087
Edge,132.0.2957.158,29
Edge,132.0.2957.41,72
Edge,132.0.2957.55,407
Edge,132.0.2957.74,14
Edge,132.0.2957.93,120
Edge,132.0.2957.99,14
Edge,132.0.6834.111,24
Edge,132.0.6834.160,33
Edge,132.0.6834.194,43
Edge,132.0.6834.83,48
Edge,133.0.2988.0,5
Edge,133.0.2993.0,10
Edge,133.0.3000.0,19
Edge,133.0.3014.0,5
Edge,133.0.3054.0,5
Edge,133.0.3054.1,5
Edge,133.0.3063.0,5
Edge,133.0.3065.10,67
Edge,133.0.3065.19,120
Edge,133.0.3065.22,10
Edge,133.0.3065.31,96
Edge,133.0.3065.39,158
Edge,133.0.3065.49,19
Edge,133.0.3065.51,2932
Edge,133.0.3065.54,402
Edge,133.0.3065.59,4500
Edge,134.0.3072.0,5
Edge,134.0.3094.0,29
Edge,134.0.3096.1,5
Edge,18.17763,5
Edge,18.19582,5
Edge,83.0.478.50,10
Edge,84.0.522.50,5
Edge,85.0.564.51,5
Edge,85.0.564.67,10
Edge,86.0.622.38,5
Edge,88.0.705.74,5
Edge,89.0.774.63,5
Edge,89.0.774.68,10
Edge,90.0.818.66,19
Edge,92.0.902.67,239
Edge,92.0.902.73,5
Edge,94.0.992.47,10
Edge,95.0.1020.44,10
Edge,96.0.1054.62,10
Edge,97.0.1072.69,5
Edge,97.0.1072.76,5
Edge,98.0.1108.62,19
Firefox,100.0,10
Firefox,101.0,5
Firefox,102.0,96
Firefox,103.0,5
Firefox,104.0,10
Firefox,105.0,5
Firefox,107.0,24
Firefox,108.0,5
Firefox,109.0,43
Firefox,110.0,14
Firefox,111.0,19
Firefox,112.0,19
Firefox,113.0,77
Firefox,114.0,10
Firefox,115.0,3477
Firefox,115.4.0.444,5
Firefox,116.0,91
Firefox,117.0,14
Firefox,118.0,19
Firefox,119.0,14
Firefox,120.0,57
Firefox,121.0,14
Firefox,122.0,57
Firefox,123.0,62
Firefox,124.0,129
Firefox,125.0,100
Firefox,126.0,67
Firefox,127.0,201
Firefox,128.0,2339
Firefox,128.3.0.444,5
Firefox,128.3.1,5
Firefox,129.0,143
Firefox,130.0,182
Firefox,131.0,320
Firefox,132.0,1090
Firefox,133.0,27810
Firefox,134.0,34610
Firefox,134.1,5
Firefox,135.0,6891
Firefox,136.0,77
Firefox,137.0,10
Firefox,68.0,5
Firefox,78.0,249
Firefox,81.0,5
Firefox,84.0,14
Firefox,86.0,5
Firefox,87.0,10
Firefox,88.0,10
Firefox,89.0,5
Firefox,91.0,14
Firefox,92.0,10
Firefox,93.0,10
Firefox,98.0,5
Meta Quest Browser,36.2.0.162.168.673971838,38
Meta Quest Browser,36.2.0.246.168.680064243,5
Meta Quest Browser,36.5.0.5.40.684550720,10
Meta Quest Browser,36.6.0.9.50.692136875,5
Mozilla Compatible Agent,5.0,569
Opera,102.0.0.0,120
Opera,105.0.0.0,5
Opera,108.0.0.0,10
Opera,109.0.0.0,5
Opera,11.6.2254.71256,10
Opera,11.9.2254.73285,10
Opera,110.0.0.0,5
Opera,112.0.0.0,57
Opera,113.0.0.0,120
Opera,114.0.0.0,6528
Opera,114.0.5282.21,10
Opera,115.0.0.0,6796
Opera,115.0.5322.58,24
Opera,116.0.0.0,4223
Opera,117.0.0.0,43
Opera,117.0.5408.4,14
Opera,118.0.0.0,48
Opera,12.1.2254.74208,5
Opera,12.3.2254.75000,5
Opera,130.0.0.0,5
Opera,131.0.0.0,5
Opera,30.0.2254.121224,5
Opera,46.0.2207.0,33
Opera,58.0.3135.79,5
Opera,61.2.3076.56749,10
Opera,64.0.2254.62635,5
Opera,64.1.3282.59829,29
Opera,66.2.3445.62346,5
Opera,66.6.3445.73002,14
Opera,70.3.3653.66287,5
Opera,72.9.3767.72992,5
Opera,73.0.3856.284,5
Opera,73.2.3844.69974,5
Opera,73.2.3844.71002,62
Opera,74.0.2254.68611,10
Opera,74.0.2254.68696,5
Opera,75.3.3978.72666,77
Opera,76.1.4027.73300,10
Opera,77.0.2254.69831,5
Opera,77.5.4095.75179,38
Opera,78.0.2254.70362,5
Opera,78.0.2254.70370,5
Opera,79.0.4143.61,10
Opera,79.6.4195.77168,10
Opera,80.0.2254.71401,5
Opera,81.0.2254.72055,5
Opera,81.0.2254.72260,10
Opera,82.0.2254.72653,5
Opera,82.0.4227.44,14
Opera,82.2.4342.79505,10
Opera,82.5.4342.79868,5
Opera,83.0.0.0,5
Opera,83.0.4254.27,5
Opera,84.0.0.0,10
Opera,84.0.2254.73823,19
Opera,85.0.0.0,62
Opera,85.0.2254.74549,29
Opera,86.0.0.0,4409
Opera,86.0.2254.74831,43
Opera,86.0.2254.75055,14
Opera,86.0.4363.59,5
Opera,87.0.0.0,2473
Opera,87.0.2254.75299,57
Opera,87.1.2254.75426,14
Opera,87.1.2254.75427,383
Opera,88.0.0.0,10
Opera,88.0.2254.75874,43
Opera,89.0.4447.83,5
Opera,89.0.4447.91,5
Opera,90.0.4480.54,29
Opera,93.0.0.0,5
Opera,95.0.0.0,234
PaleMoon,33.2.1,10
Phoenix Browser,14.1,5
Phoenix Browser,17.2,5
Phoenix Browser,17.3,5
Phoenix Browser,17.4,10
Phoenix Browser,17.5,5
Safari,(not set),48
Safari,10.0,5
Safari,12.1.2,411
Safari,13.0.1,5
Safari,13.0.4,10
Safari,13.0.5,67
Safari,13.1,100
Safari,13.1.1,10
Safari,13.1.2,569
Safari,13.1.3,5
Safari,14.0,43
Safari,14.0.1,110
Safari,14.0.2,14
Safari,14.0.3,177
Safari,14.1,62
Safari,14.1.1,105
Safari,14.1.2,607
Safari,14.1.3,120
Safari,15.0,454
Safari,15.1,139
Safari,15.2,163
Safari,15.3,306
Safari,15.4,1961
Safari,15.5,3305
Safari,15.6,2458
Safari,15.6.1,14299
Safari,15.6.3,330
Safari,15.6.4,588
Safari,15.6.6,37733
Safari,15.7,5
Safari,15.8,57
Safari,15.8.3,38
Safari,16.0,9574
Safari,16.0.3,5
Safari,16.1,28833
Safari,16.1.1,29
Safari,16.2,14228
Safari,16.3,21459
Safari,16.3.1,29
Safari,16.4,2860
Safari,16.4.1,292
Safari,16.5,1841
Safari,16.5.1,2224
Safari,16.5.2,1435
Safari,16.6,94395
Safari,16.6.1,4529
Safari,16.7,81
Safari,16.7.10,72
Safari,17.0,3305
Safari,17.0.1,1119
Safari,17.1,2085
Safari,17.1.1,1779
Safari,17.1.2,2630
Safari,17.10,1927
Safari,17.2,4036
Safari,17.2.1,1851
Safari,17.3,1956
Safari,17.3.1,6992
Safari,17.4,2262
Safari,17.4.1,15246
Safari,17.5,54936
Safari,17.5.1,19
Safari,17.6,200981
Safari,17.6.1,153
Safari,17.7,11827
Safari,17.7.1,14
Safari,17.7.2,10
Safari,17.8,8532
Safari,17.8.1,24017
Safari,17.9,3788
Safari,18.0,27996
Safari,18.0.1,36738
Safari,18.1,25538
Safari,18.1.1,1253919
Safari,18.2,420010
Safari,18.2.1,359
Safari,18.3,165600
Safari,18.3.1,10
Safari,18.4,14
Safari,603.2.4,29
Safari,604.1,284783
Safari,605.1,38
Safari,605.1.15,6557
Safari,8.0,5
Safari,8.0.2,10
Safari,9.0,10
Safari (in-app),(not set),25586
Safari (in-app),15.0,497
Samsung Internet,1.0,5
Samsung Internet,11.0,14
Samsung Internet,13.0,14
Samsung Internet,13.2,72
Samsung Internet,131.0.6778.73,5
Samsung Internet,14.0,24
Samsung Internet,14.2,81
Samsung Internet,15.0,57
Samsung Internet,16.0,96
Samsung Internet,16.2,67
Samsung Internet,17.0,72
Samsung Internet,18.0,86
Samsung Internet,19.0,359
Samsung Internet,20.0,416
Samsung Internet,21.0,846
Samsung Internet,22.0,909
Samsung Internet,23.0,1110
Samsung Internet,24.0,1296
Samsung Internet,25.0,1540
Samsung Internet,26.0,6069
Samsung Internet,27.0,363726
Samsung Internet,28.0,96
Samsung Internet,3.0,24
Samsung Internet,4.0,10
Samsung Internet,5.0,38
Samsung Internet,7.0,14
Samsung Internet,7.2,5
Samsung Internet,7.4,292
SeaMonkey,2.53.20,10
UC Browser,11.3.5.1203,5
UC Browser,11.6.4.950,24
UC Browser,13.8.0.1323,5
UC Browser,13.8.4.1325,5
UC Browser,13.8.8.1327,24
UC Browser,13.9.0.1328,5
UC Browser,13.9.5.1333,5
UC Browser,13.9.8.1336,10
UC Browser,14.0.0.1337,19
UC Browser,14.0.2.1338,5
UC Browser,14.0.5.1339,10
UC Browser,14.0.8.1340,29
UC Browser,14.1.0.1341,5
Whale Browser,1.0.0.0,14
Whale Browser,3.18.154.14,5
Whale Browser,4.29.282.14,10
YaBrowser,131.0.6778.39,5
YaBrowser,16.0,5
YaBrowser,17.0,24
YaBrowser,18.0,5
YaBrowser,23.1.5.87.00,5
YaBrowser,24.10.0.0,5
YaBrowser,24.10.2.123.00,5
YaBrowser,24.12.2.82.00,14
YaBrowser,24.12.3.100.00,19
YaBrowser,24.12.4.524.10,5
YaBrowser,24.12.5.28.00,5
